Filename,Label,Area,No. of peaks,Length
COR_12_1_Hos,0,21355.0,3,44.0
COR_12_1_Hos,0,19488.0,2,47.0
COR_12_1_Hos,0,17627.0,4,49.0
COR_12_1_Hos,0,14589.5,5,51.0
COR_12_1_Hos,0,10214.5,5,53.0
COR_12_1_Hos,0,8788.5,6,55.0
COR_12_1_Hos,0,12673.0,4,69.0
COR_12_1_Hos,0,17587.5,3,84.0
COR_12_1_Hos,0,25005.5,4,89.0
COR_12_1_Hos,0,5675.5,2,105.0
COR_12_1_Hos,0,7756.5,3,112.0
COR_12_1_Hos,0,126428.5,2,121.0
COR_12_1_Hos,0,125744.0,3,123.0
COR_12_1_Hos,0,90857.5,4,127.0
COR_12_1_Hos,0,7696.5,2,134.0
COR_12_1_Hos,0,3870.5,1,159.0
COR_12_1_Hos,0,10863.0,2,162.0
COR_12_1_Hos,0,2851.0,1,174.0
COR_12_1_Hos,0,4115.5,4,180.0
COR_12_1_Hos,0,3602.5,3,181.0
COR_12_1_Hos,0,2283.0,2,192.0
COR_12_1_Hos,0,24181.0,1,214.0
COR_12_1_Hos,0,4540.0,1,224.0
COR_12_1_Hos,0,5819.5,2,228.0
COR_12_1_Hos,0,2337.5,1,240.0
COR_12_1_Hos,0,2409.0,2,253.0
COR_12_1_Hos,0,7121.0,1,278.0
COR_12_1_Hos,0,2644.0,1,295.0
COR_12_1_Hos,0,10404.5,2,299.0
COR_12_1_Hos,0,46496.0,2,303.0
COR_12_1_Hos,0,2630.0,2,318.0
COR_12_1_Hos,0,1534.0,1,344.0
COR_12_1_Hos,0,19056.0,1,353.0
COR_12_1_Hos,0,1476.5,1,363.0
COR_12_1_Hos,0,3381.0,1,423.0
COR_12_2_Hos,0,18548.0,3,44.0
COR_12_2_Hos,0,18003.0,4,47.0
COR_12_2_Hos,0,17155.5,5,49.0
COR_12_2_Hos,0,15025.5,4,51.0
COR_12_2_Hos,0,8925.5,6,55.0
COR_12_2_Hos,0,8850.5,5,57.0
COR_12_2_Hos,0,8359.0,1,70.0
COR_12_2_Hos,0,18746.5,1,84.0
COR_12_2_Hos,0,23997.5,2,89.0
COR_12_2_Hos,0,2977.5,1,105.0
COR_12_2_Hos,0,4206.5,2,115.0
COR_12_2_Hos,0,5812.0,2,117.0
COR_12_2_Hos,0,3384.0,1,156.0
COR_12_2_Hos,0,4386.0,1,192.0
COR_12_2_Hos,0,28078.5,1,214.0
COR_12_2_Hos,0,2335.5,1,224.0
COR_12_2_Hos,0,3579.0,2,239.0
COR_12_2_Hos,0,6325.0,3,245.0
COR_12_2_Hos,0,12290.5,3,249.0
COR_12_2_Hos,0,73407.0,2,253.0
COR_12_2_Hos,0,2682.0,2,270.0
COR_12_2_Hos,0,7183.5,1,278.0
COR_12_2_Hos,0,3079.5,1,318.0
COR_12_2_Hos,0,2676.0,2,330.0
COR_12_2_Hos,0,24902.0,1,354.0
COR_12_2_Hos,0,12475.5,1,394.0
COR_12_2_Hos,0,9229.0,1,423.0
COR_12_2_Hos,0,3339.0,1,464.0
COR_12_4_Hos,0,20682.5,5,44.0
COR_12_4_Hos,0,17797.5,5,47.0
COR_12_4_Hos,0,16587.0,5,49.0
COR_12_4_Hos,0,14339.5,4,51.0
COR_12_4_Hos,0,9237.5,5,55.0
COR_12_4_Hos,0,9260.0,4,57.0
COR_12_4_Hos,0,4643.5,4,70.0
COR_12_4_Hos,0,22314.5,2,84.0
COR_12_4_Hos,0,23912.0,3,90.0
COR_12_4_Hos,0,11139.0,3,105.0
COR_12_4_Hos,0,157892.0,1,116.0
COR_12_4_Hos,0,6303.5,5,127.0
COR_12_4_Hos,0,11768.5,3,133.0
COR_12_4_Hos,0,10942.0,2,138.0
COR_12_4_Hos,0,4043.5,1,155.0
COR_12_4_Hos,0,9678.0,3,159.0
COR_12_4_Hos,0,10091.0,3,164.0
COR_12_4_Hos,0,4013.0,2,180.0
COR_12_4_Hos,0,5616.0,2,182.0
COR_12_4_Hos,0,8394.5,3,188.0
COR_12_4_Hos,0,8891.5,2,192.0
COR_12_4_Hos,0,9591.5,1,203.0
COR_12_4_Hos,0,31932.5,2,213.0
COR_12_4_Hos,0,6569.0,1,224.0
COR_12_4_Hos,0,6930.5,2,228.0
COR_12_4_Hos,0,3916.5,1,238.0
COR_12_4_Hos,0,5352.0,2,245.0
COR_12_4_Hos,0,5392.0,2,249.0
COR_12_4_Hos,0,11477.0,4,253.0
COR_12_4_Hos,0,60527.0,2,257.0
COR_12_4_Hos,0,5659.0,2,277.0
COR_12_4_Hos,0,2905.5,1,290.0
COR_12_4_Hos,0,2812.5,2,318.0
COR_12_4_Hos,0,2878.5,1,337.0
COR_12_4_Hos,0,11115.5,2,341.0
COR_12_4_Hos,0,28215.5,2,345.0
COR_12_4_Hos,0,23434.5,3,352.0
COR_12_4_Hos,0,13243.0,1,371.0
COR_12_4_Hos,0,5387.5,1,422.0
COR_12_4_Hos,0,1382.5,1,464.0
COR_12_5_Hos,0,36898.0,3,43.0
COR_12_5_Hos,0,33877.0,3,47.0
COR_12_5_Hos,0,30211.5,4,49.0
COR_12_5_Hos,0,23816.0,4,51.0
COR_12_5_Hos,0,13242.0,5,53.0
COR_12_5_Hos,0,10750.5,5,55.0
COR_12_5_Hos,0,10927.5,6,57.0
COR_12_5_Hos,0,9688.5,5,58.0
COR_12_5_Hos,0,15100.5,5,69.0
COR_12_5_Hos,0,20543.0,3,83.0
COR_12_5_Hos,0,29132.0,3,88.0
COR_12_5_Hos,0,24882.5,3,92.0
COR_12_5_Hos,0,4710.0,1,105.0
COR_12_5_Hos,0,119922.5,2,116.0
COR_12_5_Hos,0,11900.5,5,127.0
COR_12_5_Hos,0,18205.0,3,133.0
COR_12_5_Hos,0,2825.0,1,155.0
COR_12_5_Hos,0,3495.5,1,165.0
COR_12_5_Hos,0,5796.5,4,171.0
COR_12_5_Hos,0,6637.0,4,173.0
COR_12_5_Hos,0,7819.0,4,174.0
COR_12_5_Hos,0,7987.5,3,178.0
COR_12_5_Hos,0,2624.0,2,187.0
COR_12_5_Hos,0,7555.0,3,192.0
COR_12_5_Hos,0,17412.0,1,214.0
COR_12_5_Hos,0,4686.5,1,224.0
COR_12_5_Hos,0,3411.0,1,239.0
COR_12_5_Hos,0,4335.5,2,245.0
COR_12_5_Hos,0,3087.0,1,264.0
COR_12_5_Hos,0,9955.5,3,268.0
COR_12_5_Hos,0,37010.0,2,272.0
COR_12_5_Hos,0,36440.0,4,278.0
COR_12_5_Hos,0,13175.5,3,284.0
COR_12_5_Hos,0,8673.0,2,288.0
COR_12_5_Hos,0,38045.0,2,292.0
COR_12_5_Hos,0,3504.5,2,318.0
COR_12_5_Hos,0,13085.5,1,352.0
COR_12_5_Hos,0,8352.5,1,393.0
COR_12_5_Hos,0,5368.5,1,423.0
COR_12_6_Hos,0,21301.5,3,46.0
COR_12_6_Hos,0,17693.5,4,51.0
COR_12_6_Hos,0,10957.5,5,55.0
COR_12_6_Hos,0,11239.5,6,57.0
COR_12_6_Hos,0,10344.0,5,58.0
COR_12_6_Hos,0,13513.0,4,69.0
COR_12_6_Hos,0,18713.0,2,84.0
COR_12_6_Hos,0,24091.0,2,90.0
COR_12_6_Hos,0,4126.5,2,105.0
COR_12_6_Hos,0,133014.0,2,116.0
COR_12_6_Hos,0,117609.5,3,122.0
COR_12_6_Hos,0,7609.0,4,128.0
COR_12_6_Hos,0,3550.5,1,151.0
COR_12_6_Hos,0,3995.0,2,165.0
COR_12_6_Hos,0,5841.0,3,169.0
COR_12_6_Hos,0,3619.0,1,178.0
COR_12_6_Hos,0,4572.0,2,182.0
COR_12_6_Hos,0,5113.5,2,192.0
COR_12_6_Hos,0,14272.0,2,214.0
COR_12_6_Hos,1,17815.0,2,216.0
COR_12_6_Hos,0,2445.5,1,239.0
COR_12_6_Hos,0,3666.5,4,272.0
COR_12_6_Hos,0,9832.0,4,278.0
COR_12_6_Hos,0,11502.0,3,280.0
COR_12_6_Hos,0,29562.5,3,284.0
COR_12_6_Hos,0,29841.5,3,288.0
COR_12_6_Hos,0,61835.0,2,292.0
COR_12_6_Hos,0,1940.5,1,318.0
COR_12_6_Hos,0,12711.5,1,352.0
COR_12_6_Hos,0,15849.5,2,354.0
COR_12_6_Hos,0,3484.5,1,423.0
COR_12_7_Hos,0,26771.0,2,43.0
COR_12_7_Hos,0,23315.5,3,47.0
COR_12_7_Hos,0,22710.0,4,49.0
COR_12_7_Hos,0,18922.0,4,51.0
COR_12_7_Hos,0,11383.5,6,55.0
COR_12_7_Hos,0,11052.0,6,57.0
COR_12_7_Hos,0,9758.5,5,58.0
COR_12_7_Hos,0,10585.5,3,69.0
COR_12_7_Hos,0,37259.5,3,83.0
COR_12_7_Hos,0,40099.5,3,90.0
COR_12_7_Hos,0,11044.5,3,105.0
COR_12_7_Hos,0,4909.0,2,116.0
COR_12_7_Hos,0,9629.5,2,119.0
COR_12_7_Hos,0,10889.0,4,121.0
COR_12_7_Hos,0,13800.5,2,127.0
COR_12_7_Hos,0,4793.0,1,155.0
COR_12_7_Hos,0,9160.0,2,160.0
COR_12_7_Hos,0,8341.5,2,164.0
COR_12_7_Hos,0,9794.5,4,171.0
COR_12_7_Hos,0,13760.5,4,172.0
COR_12_7_Hos,0,8141.5,3,180.0
COR_12_7_Hos,0,4212.0,2,190.0
COR_12_7_Hos,0,6867.0,2,192.0
COR_12_7_Hos,0,38000.0,2,214.0
COR_12_7_Hos,0,4567.5,1,224.0
COR_12_7_Hos,0,3605.5,2,238.0
COR_12_7_Hos,0,6264.0,2,261.0
COR_12_7_Hos,0,19466.0,3,265.0
COR_12_7_Hos,0,84225.5,2,268.0
COR_12_7_Hos,0,73196.5,2,272.0
COR_12_7_Hos,0,23813.5,2,277.0
COR_12_7_Hos,0,3648.0,3,318.0
COR_12_7_Hos,0,11835.0,1,342.0
COR_12_7_Hos,0,19671.0,2,352.0
COR_12_7_Hos,0,2955.0,2,370.0
COR_12_7_Hos,0,9447.0,1,423.0
COR_12_7_Hos,0,5026.5,1,464.0
COR_12_8_Hos,0,24889.0,3,43.0
COR_12_8_Hos,0,21449.5,3,47.0
COR_12_8_Hos,0,19503.5,4,49.0
COR_12_8_Hos,0,15330.5,5,51.0
COR_12_8_Hos,0,11037.0,5,53.0
COR_12_8_Hos,0,8616.5,5,57.0
COR_12_8_Hos,0,6215.0,3,65.0
COR_12_8_Hos,0,18722.5,3,69.0
COR_12_8_Hos,0,22314.5,3,72.0
COR_12_8_Hos,0,11520.0,2,84.0
COR_12_8_Hos,0,13275.0,4,90.0
COR_12_8_Hos,0,11517.5,3,92.0
COR_12_8_Hos,0,6367.5,1,105.0
COR_12_8_Hos,0,6405.0,2,118.0
COR_12_8_Hos,0,9172.0,3,123.0
COR_12_8_Hos,0,37920.5,3,127.0
COR_12_8_Hos,0,35678.5,2,133.0
COR_12_8_Hos,0,4801.0,2,137.0
COR_12_8_Hos,0,1874.5,1,152.0
COR_12_8_Hos,0,2958.0,2,155.0
COR_12_8_Hos,0,1694.5,2,174.0
COR_12_8_Hos,0,1926.0,1,192.0
COR_12_8_Hos,0,14770.0,1,213.0
COR_12_8_Hos,0,2550.5,1,239.0
COR_12_8_Hos,0,3672.0,3,272.0
COR_12_8_Hos,0,10221.0,4,276.0
COR_12_8_Hos,0,34095.5,4,280.0
COR_12_8_Hos,0,29278.5,3,284.0
COR_12_8_Hos,0,2323.5,2,318.0
COR_12_8_Hos,0,4909.0,1,342.0
COR_12_8_Hos,0,9196.5,1,352.0
COR_12_8_Hos,0,5318.5,1,394.0
COR_12_8_Hos,0,2268.5,2,422.0
COR_12_9_Hos,0,21193.5,2,44.0
COR_12_9_Hos,0,18675.5,3,47.0
COR_12_9_Hos,0,16352.0,4,49.0
COR_12_9_Hos,0,13744.0,5,51.0
COR_12_9_Hos,0,13630.0,4,54.0
COR_12_9_Hos,0,13748.5,4,57.0
COR_12_9_Hos,0,6700.0,4,62.0
COR_12_9_Hos,0,6330.0,3,70.0
COR_12_9_Hos,0,18835.5,4,84.0
COR_12_9_Hos,0,20107.5,3,89.0
COR_12_9_Hos,0,3586.0,1,105.0
COR_12_9_Hos,0,115758.0,3,119.0
COR_12_9_Hos,0,3109.0,1,134.0
COR_12_9_Hos,0,3899.5,1,163.0
COR_12_9_Hos,0,2683.0,1,192.0
COR_12_9_Hos,0,14391.0,1,214.0
COR_12_9_Hos,0,2468.0,1,224.0
COR_12_9_Hos,0,3919.5,1,240.0
COR_12_9_Hos,0,3476.0,3,261.0
COR_12_9_Hos,0,10179.5,3,265.0
COR_12_9_Hos,0,41516.0,2,269.0
COR_12_9_Hos,0,20212.0,4,278.0
COR_12_9_Hos,0,3205.0,2,304.0
COR_12_9_Hos,0,11406.0,3,308.0
COR_12_9_Hos,0,33290.0,2,312.0
COR_12_9_Hos,0,25502.0,2,316.0
COR_12_9_Hos,0,10043.0,2,355.0
COR_12_9_Hos,0,20442.5,1,422.0
COR_12_10_Hos,0,42088.0,2,44.0
COR_12_10_Hos,0,39100.0,3,47.0
COR_12_10_Hos,0,37057.0,4,49.0
COR_12_10_Hos,0,27073.5,5,51.0
COR_12_10_Hos,0,12211.5,5,53.0
COR_12_10_Hos,0,9380.0,4,57.0
COR_12_10_Hos,0,7290.5,4,65.0
COR_12_10_Hos,0,21031.0,3,69.0
COR_12_10_Hos,0,11369.0,1,84.0
COR_12_10_Hos,0,14146.5,3,90.0
COR_12_10_Hos,0,17387.0,3,93.0
COR_12_10_Hos,0,4822.5,1,105.0
COR_12_10_Hos,0,87471.5,2,121.0
COR_12_10_Hos,0,87511.5,3,123.0
COR_12_10_Hos,0,83456.0,3,127.0
COR_12_10_Hos,0,28378.5,2,133.0
COR_12_10_Hos,0,2722.5,1,163.0
COR_12_10_Hos,1,17192.0,2,214.0
COR_12_10_Hos,0,6986.5,3,241.0
COR_12_10_Hos,0,40594.0,2,245.0
COR_12_10_Hos,0,2075.5,1,265.0
COR_12_10_Hos,0,7355.0,2,269.0
COR_12_10_Hos,0,25807.5,2,272.0
COR_12_10_Hos,0,24434.5,4,277.0
COR_12_10_Hos,0,7197.5,3,280.0
COR_12_10_Hos,0,6526.5,2,354.0
COR_12_10_Hos,0,8413.5,1,394.0
COR_12_11_Hos,0,18975.0,4,45.0
COR_12_11_Hos,0,17271.0,3,46.0
COR_12_11_Hos,0,11489.5,5,51.0
COR_12_11_Hos,0,6213.5,6,55.0
COR_12_11_Hos,0,6523.5,5,57.0
COR_12_11_Hos,0,3719.5,4,69.0
COR_12_11_Hos,0,3296.5,1,84.0
COR_12_11_Hos,0,3183.0,1,105.0
COR_12_11_Hos,0,7712.5,3,111.0
COR_12_11_Hos,0,127423.0,2,116.0
COR_12_11_Hos,0,8906.5,3,127.0
COR_12_11_Hos,0,954.0,1,192.0
COR_12_11_Hos,0,3555.0,1,312.0
COR_12_12_Hos,0,13567.0,4,44.0
COR_12_12_Hos,0,12840.0,4,47.0
COR_12_12_Hos,0,5907.5,1,84.0
COR_12_12_Hos,0,8044.5,2,90.0
COR_12_12_Hos,0,74295.0,3,121.0
COR_12_12_Hos,0,1352.5,1,192.0
COR_12_12_Hos,1,7385.5,1,214.0
COR_12_12_Hos,0,1411.0,1,224.0
COR_12_12_Hos,0,2770.5,1,278.0
COR_12_13_Hos,0,17697.5,3,46.0
COR_12_13_Hos,0,16120.0,4,49.0
COR_12_13_Hos,0,14141.5,4,51.0
COR_12_13_Hos,0,8214.0,6,55.0
COR_12_13_Hos,0,8193.5,5,57.0
COR_12_13_Hos,0,5844.0,3,69.0
COR_12_13_Hos,0,7246.0,1,83.0
COR_12_13_Hos,0,10018.5,4,89.0
COR_12_13_Hos,0,10215.0,3,93.0
COR_12_13_Hos,0,2869.0,1,105.0
COR_12_13_Hos,0,121231.0,2,121.0
COR_12_13_Hos,0,2159.0,1,152.0
COR_12_13_Hos,0,21091.5,2,155.0
COR_12_13_Hos,0,22021.5,3,158.0
COR_12_13_Hos,0,4426.5,3,164.0
COR_12_13_Hos,0,3190.5,1,192.0
COR_12_13_Hos,1,16358.5,1,214.0
COR_12_13_Hos,0,1904.5,1,292.0
COR_12_13_Hos,0,6055.5,2,296.0
COR_12_13_Hos,0,28602.0,2,299.0
COR_12_13_Hos,0,4938.0,2,320.0
COR_12_13_Hos,0,19509.5,2,324.0
COR_12_13_Hos,0,16661.0,2,329.0
COR_12_13_Hos,0,2865.5,1,353.0
COR_12_13_Hos,0,2681.0,1,394.0
COR_12_14_Hos,0,33805.5,3,43.0
COR_12_14_Hos,0,30308.5,3,47.0
COR_12_14_Hos,0,25276.0,4,49.0
COR_12_14_Hos,0,19103.5,5,51.0
COR_12_14_Hos,0,13712.5,5,53.0
COR_12_14_Hos,0,10971.5,5,57.0
COR_12_14_Hos,0,9531.5,3,69.0
COR_12_14_Hos,0,13163.0,1,83.0
COR_12_14_Hos,0,17114.5,2,89.0
COR_12_14_Hos,0,8403.0,1,105.0
COR_12_14_Hos,0,36442.5,1,119.0
COR_12_14_Hos,0,28903.0,2,124.0
COR_12_14_Hos,0,8318.5,3,126.0
COR_12_14_Hos,0,4850.5,2,133.0
COR_12_14_Hos,0,2026.0,1,155.0
COR_12_14_Hos,0,5930.5,2,158.0
COR_12_14_Hos,0,7760.0,2,164.0
COR_12_14_Hos,0,4765.0,2,169.0
COR_12_14_Hos,0,4567.5,1,192.0
COR_12_14_Hos,0,5278.0,1,203.0
COR_12_14_Hos,0,34300.0,1,213.0
COR_12_14_Hos,0,5420.0,1,224.0
COR_12_14_Hos,0,4526.5,2,254.0
COR_12_14_Hos,0,2973.0,1,266.0
COR_12_14_Hos,0,3309.5,2,312.0
COR_12_14_Hos,0,12074.0,2,316.0
COR_12_14_Hos,0,35739.0,2,320.0
COR_12_14_Hos,0,30888.5,2,325.0
COR_12_14_Hos,0,8677.0,1,352.0
COR_12_14_Hos,0,3233.5,1,422.0
COR_12_15_Hos,0,23612.5,3,43.0
COR_12_15_Hos,0,18557.5,4,47.0
COR_12_15_Hos,0,17469.0,3,48.0
COR_12_15_Hos,0,13501.5,5,51.0
COR_12_15_Hos,0,12217.0,4,53.0
COR_12_15_Hos,0,11009.5,5,57.0
COR_12_15_Hos,0,6827.0,3,69.0
COR_12_15_Hos,0,4097.5,2,83.0
COR_12_15_Hos,0,7601.0,2,92.0
COR_12_15_Hos,0,86814.0,1,117.0
COR_12_15_Hos,0,8334.5,3,126.0
COR_12_15_Hos,1,3244.0,1,213.0
COR_12_15_Hos,0,2359.0,2,269.0
COR_12_16_Hos,0,39461.0,3,44.0
COR_12_16_Hos,0,36716.0,3,47.0
COR_12_16_Hos,0,31641.5,4,49.0
COR_12_16_Hos,0,21852.0,4,51.0
COR_12_16_Hos,0,9667.0,6,55.0
COR_12_16_Hos,0,9547.0,5,57.0
COR_12_16_Hos,0,7479.0,4,62.0
COR_12_16_Hos,0,10768.5,5,69.0
COR_12_16_Hos,0,12442.0,4,72.0
COR_12_16_Hos,0,10561.0,1,83.0
COR_12_16_Hos,0,15542.5,2,89.0
COR_12_16_Hos,0,16956.5,3,92.0
COR_12_16_Hos,0,4042.5,1,105.0
COR_12_16_Hos,0,140607.5,1,117.0
COR_12_16_Hos,0,143711.5,2,119.0
COR_12_16_Hos,0,140232.0,3,121.0
COR_12_16_Hos,0,6360.0,2,127.0
COR_12_16_Hos,0,3412.0,1,164.0
COR_12_16_Hos,0,1632.5,1,192.0
COR_12_16_Hos,0,19055.5,1,214.0
COR_12_16_Hos,0,2368.5,1,224.0
COR_12_16_Hos,0,1621.5,1,232.0
COR_12_16_Hos,0,4810.5,3,279.0
COR_12_16_Hos,0,4727.0,3,280.0
COR_12_16_Hos,0,2199.5,1,292.0
COR_12_16_Hos,0,10409.0,2,296.0
COR_12_16_Hos,0,48659.5,2,300.0
COR_12_16_Hos,0,4740.0,3,353.0
COR_12_16_Hos,0,6504.5,3,356.0
COR_12_16_Hos,0,12830.0,1,422.0
COR_12_17_Hos,0,15230.0,3,44.0
COR_12_17_Hos,0,15656.0,3,47.0
COR_12_17_Hos,0,3869.5,2,89.0
COR_12_17_Hos,0,7430.0,2,93.0
COR_12_17_Hos,0,2623.0,1,110.0
COR_12_17_Hos,0,7088.0,4,114.0
COR_12_17_Hos,0,13971.0,4,117.0
COR_12_17_Hos,0,13605.0,4,119.0
COR_12_17_Hos,0,4649.5,1,133.0
COR_12_17_Hos,1,3919.0,1,214.0
COR_12_17_Hos,0,2463.0,1,257.0
COR_12_17_Hos,0,13549.0,2,261.0
COR_12_17_Hos,0,4131.5,2,269.0
COR_12_17_Hos,0,14605.0,2,272.0
COR_12_17_Hos,0,1527.5,2,373.0
COR_12_18_Hos,0,15194.0,2,44.0
COR_12_18_Hos,0,14509.0,2,47.0
COR_12_18_Hos,0,5376.5,3,55.0
COR_12_18_Hos,0,10509.0,2,84.0
COR_12_18_Hos,0,12412.5,4,88.0
COR_12_18_Hos,0,2479.0,1,105.0
COR_12_18_Hos,0,33031.5,2,116.0
COR_12_18_Hos,0,92236.5,2,119.0
COR_12_18_Hos,0,93209.0,3,121.0
COR_12_18_Hos,0,3191.5,3,133.0
COR_12_18_Hos,0,1536.0,2,175.0
COR_12_18_Hos,0,5588.0,1,214.0
COR_12_18_Hos,0,1468.0,1,224.0
COR_12_18_Hos,0,5204.5,2,278.0
COR_12_18_Hos,0,1443.0,1,304.0
COR_12_18_Hos,0,2034.5,2,308.0
COR_12_18_Hos,0,11600.0,1,353.0
COR_12_18_Hos,0,2353.0,1,423.0
COR_12_19_Hos,0,11894.0,3,44.0
COR_12_19_Hos,0,12658.5,2,47.0
COR_12_19_Hos,0,4302.5,2,84.0
COR_12_19_Hos,0,1871.5,1,102.0
COR_12_19_Hos,0,3844.5,2,116.0
COR_12_19_Hos,0,5858.5,3,119.0
COR_12_19_Hos,0,1771.0,1,214.0
COR_12_19_Hos,0,2363.5,1,249.0
COR_12_19_Hos,0,19610.5,2,253.0
COR_12_19_Hos,0,2919.5,1,261.0
COR_12_19_Hos,0,4997.0,2,265.0
COR_12_19_Hos,0,17995.0,2,268.0
COR_12_20_Hos,0,15669.0,3,44.0
COR_12_20_Hos,0,16315.5,3,47.0
COR_12_20_Hos,0,14914.5,4,49.0
COR_12_20_Hos,0,11692.0,4,51.0
COR_12_20_Hos,0,6133.5,6,55.0
COR_12_20_Hos,0,6209.5,5,57.0
COR_12_20_Hos,0,3359.0,1,71.0
COR_12_20_Hos,0,6222.5,2,84.0
COR_12_20_Hos,0,9746.5,4,90.0
COR_12_20_Hos,0,12286.0,3,93.0
COR_12_20_Hos,0,2670.5,1,105.0
COR_12_20_Hos,0,16457.0,2,110.0
COR_12_20_Hos,0,20763.0,2,116.0
COR_12_20_Hos,0,9025.5,2,119.0
COR_12_20_Hos,0,1150.0,1,156.0
COR_12_20_Hos,0,3115.5,2,159.0
COR_12_20_Hos,0,5261.0,3,163.0
COR_12_20_Hos,0,916.5,1,203.0
COR_12_20_Hos,1,8003.0,1,214.0
COR_12_20_Hos,0,1383.5,1,253.0
COR_12_20_Hos,0,5792.5,2,257.0
COR_12_20_Hos,0,32026.0,2,261.0
COR_12_20_Hos,0,29634.0,2,265.0
COR_12_20_Hos,0,8170.5,4,268.0
COR_12_20_Hos,0,30601.0,3,272.0
COR_12_20_Hos,0,1844.5,1,342.0
COR_12_20_Hos,0,2640.5,1,353.0
COR_12_20_Hos,0,3916.0,1,395.0
COR_12_21_Hos,0,29614.0,2,43.0
COR_12_21_Hos,0,26628.0,3,47.0
COR_12_21_Hos,0,25709.0,4,49.0
COR_12_21_Hos,0,21165.5,4,51.0
COR_12_21_Hos,0,12106.5,6,55.0
COR_12_21_Hos,0,11372.0,4,57.0
COR_12_21_Hos,0,8743.0,4,62.0
COR_12_21_Hos,0,8849.5,4,65.0
COR_12_21_Hos,0,17669.0,3,69.0
COR_12_21_Hos,0,22101.0,3,84.0
COR_12_21_Hos,0,30068.0,3,90.0
COR_12_21_Hos,0,18471.5,3,93.0
COR_12_21_Hos,0,8191.5,3,105.0
COR_12_21_Hos,0,42902.5,3,110.0
COR_12_21_Hos,0,133279.5,1,119.0
COR_12_21_Hos,0,11454.0,3,127.0
COR_12_21_Hos,0,10399.5,3,133.0
COR_12_21_Hos,0,3707.0,1,164.0
COR_12_21_Hos,0,4207.5,4,173.0
COR_12_21_Hos,0,5773.0,3,174.0
COR_12_21_Hos,0,4872.5,1,192.0
COR_12_21_Hos,0,33597.0,1,214.0
COR_12_21_Hos,0,6376.0,1,224.0
COR_12_21_Hos,0,2796.5,2,239.0
COR_12_21_Hos,0,3820.0,2,255.0
COR_12_21_Hos,0,5907.5,2,264.0
COR_12_21_Hos,0,19464.0,2,268.0
COR_12_21_Hos,0,67635.0,2,272.0
COR_12_21_Hos,0,59326.0,4,278.0
COR_12_21_Hos,0,3179.0,1,318.0
COR_12_21_Hos,0,18472.5,1,352.0
COR_12_21_Hos,0,1803.0,1,365.0
COR_12_21_Hos,0,3100.5,2,370.0
COR_12_21_Hos,0,12328.0,1,394.0
COR_12_21_Hos,0,8621.0,1,422.0
COR_12_22_Hos,0,48101.0,2,43.0
COR_12_22_Hos,0,45400.0,3,47.0
COR_12_22_Hos,0,44347.5,4,49.0
COR_12_22_Hos,0,33621.0,5,51.0
COR_12_22_Hos,0,21227.0,4,53.0
COR_12_22_Hos,0,17069.5,3,57.0
COR_12_22_Hos,0,9496.5,5,62.0
COR_12_22_Hos,0,15069.5,4,65.0
COR_12_22_Hos,0,32678.0,3,69.0
COR_12_22_Hos,0,31854.5,3,73.0
COR_12_22_Hos,0,30389.5,2,83.0
COR_12_22_Hos,0,41373.0,2,88.0
COR_12_22_Hos,0,40652.5,3,92.0
COR_12_22_Hos,0,8339.0,2,105.0
COR_12_22_Hos,0,14349.5,4,119.0
COR_12_22_Hos,0,17420.0,3,121.0
COR_12_22_Hos,0,18130.0,4,123.0
COR_12_22_Hos,0,16897.5,3,127.0
COR_12_22_Hos,0,15051.5,2,133.0
COR_12_22_Hos,0,2368.5,1,155.0
COR_12_22_Hos,0,3955.0,2,164.0
COR_12_22_Hos,0,4807.0,1,178.0
COR_12_22_Hos,0,5590.5,1,192.0
COR_12_22_Hos,1,38467.0,2,214.0
COR_12_22_Hos,0,4683.0,2,224.0
COR_12_22_Hos,0,3738.0,2,239.0
COR_12_22_Hos,0,5346.5,2,261.0
COR_12_22_Hos,0,17409.5,3,264.0
COR_12_22_Hos,0,74623.0,2,268.0
COR_12_22_Hos,0,63471.5,2,272.0
COR_12_22_Hos,0,15026.5,4,278.0
COR_12_22_Hos,0,2571.0,2,318.0
COR_12_22_Hos,0,2282.0,2,326.0
COR_12_22_Hos,0,35877.0,1,351.0
COR_12_22_Hos,0,2659.0,1,372.0
COR_12_22_Hos,0,1661.0,1,415.0
COR_12_22_Hos,0,3989.5,1,423.0
COR_12_22_Hos,0,4047.5,1,434.0
COR_12_23_Hos,0,66507.5,2,44.0
COR_12_23_Hos,0,63971.0,3,47.0
COR_12_23_Hos,0,61985.5,4,49.0
COR_12_23_Hos,0,44161.5,4,51.0
COR_12_23_Hos,0,10918.0,6,55.0
COR_12_23_Hos,0,10745.0,5,57.0
COR_12_23_Hos,0,14005.0,4,65.0
COR_12_23_Hos,0,32850.0,3,69.0
COR_12_23_Hos,0,33362.5,3,73.0
COR_12_23_Hos,0,32668.0,2,84.0
COR_12_23_Hos,0,39785.0,4,88.0
COR_12_23_Hos,0,43956.0,5,90.0
COR_12_23_Hos,0,33047.0,4,93.0
COR_12_23_Hos,0,7217.5,1,105.0
COR_12_23_Hos,0,18354.0,3,119.0
COR_12_23_Hos,0,21385.0,3,121.0
COR_12_23_Hos,0,22423.0,4,123.0
COR_12_23_Hos,0,56343.5,3,127.0
COR_12_23_Hos,0,59396.5,3,133.0
COR_12_23_Hos,0,4089.5,2,164.0
COR_12_23_Hos,0,4475.0,3,180.0
COR_12_23_Hos,0,3590.0,3,190.0
COR_12_23_Hos,0,4112.5,2,192.0
COR_12_23_Hos,1,23211.0,1,214.0
COR_12_23_Hos,0,7129.0,1,224.0
COR_12_23_Hos,0,13035.0,4,257.0
COR_12_23_Hos,0,55022.5,3,261.0
COR_12_23_Hos,0,46687.0,2,265.0
COR_12_23_Hos,0,5341.0,5,268.0
COR_12_23_Hos,0,8929.5,5,271.0
COR_12_23_Hos,0,11192.0,4,272.0
COR_12_23_Hos,0,60426.5,3,276.0
COR_12_23_Hos,0,64258.5,4,278.0
COR_12_23_Hos,0,61267.0,3,280.0
COR_12_23_Hos,0,18021.0,1,352.0
COR_12_23_Hos,0,8875.5,1,423.0
COR_12_24_Hos,0,43650.5,2,43.0
COR_12_24_Hos,0,40288.0,3,47.0
COR_12_24_Hos,0,24318.0,5,51.0
COR_12_24_Hos,0,13009.5,5,53.0
COR_12_24_Hos,0,9656.5,4,58.0
COR_12_24_Hos,0,10330.5,3,66.0
COR_12_24_Hos,0,22393.0,2,70.0
COR_12_24_Hos,0,12213.0,2,83.0
COR_12_24_Hos,0,20492.0,3,88.0
COR_12_24_Hos,0,27056.0,3,92.0
COR_12_24_Hos,0,5335.0,2,105.0
COR_12_24_Hos,0,16489.0,1,118.0
COR_12_24_Hos,0,18596.5,2,123.0
COR_12_24_Hos,0,24428.0,3,127.0
COR_12_24_Hos,0,23269.5,2,133.0
COR_12_24_Hos,0,5506.0,2,159.0
COR_12_24_Hos,0,7647.5,2,164.0
COR_12_24_Hos,0,1826.0,1,178.0
COR_12_24_Hos,0,2688.0,2,192.0
COR_12_24_Hos,1,24034.5,1,213.0
COR_12_24_Hos,0,2939.0,2,224.0
COR_12_24_Hos,0,2724.0,1,238.0
COR_12_24_Hos,0,4196.5,1,254.0
COR_12_24_Hos,0,3075.5,2,274.0
COR_12_24_Hos,0,11371.0,6,278.0
COR_12_24_Hos,0,3206.5,2,316.0
COR_12_24_Hos,0,8834.5,3,320.0
COR_12_24_Hos,0,21197.0,3,325.0
COR_12_24_Hos,0,16149.5,3,329.0
COR_12_24_Hos,0,4266.5,2,352.0
COR_12_24_Hos,0,14080.5,2,355.0
COR_12_24_Hos,0,2233.0,1,365.0
COR_12_24_Hos,0,3624.5,2,369.0
COR_12_24_Hos,0,7524.0,2,373.0
COR_12_24_Hos,0,14178.0,2,377.0
COR_12_24_Hos,0,6834.0,1,394.0
COR_12_24_Hos,0,1970.5,1,434.0
COR_12_25_Hos,0,68465.5,3,44.0
COR_12_25_Hos,0,65226.0,4,47.0
COR_12_25_Hos,0,62429.0,4,49.0
COR_12_25_Hos,0,40823.5,4,51.0
COR_12_25_Hos,0,13258.5,5,55.0
COR_12_25_Hos,0,12855.5,5,57.0
COR_12_25_Hos,0,25503.0,3,65.0
COR_12_25_Hos,0,50856.5,2,69.0
COR_12_25_Hos,0,27558.5,3,83.0
COR_12_25_Hos,0,39048.5,2,89.0
COR_12_25_Hos,0,37904.0,2,93.0
COR_12_25_Hos,0,7588.0,2,105.0
COR_12_25_Hos,0,8959.5,3,112.0
COR_12_25_Hos,0,14547.5,3,119.0
COR_12_25_Hos,0,15899.5,4,121.0
COR_12_25_Hos,0,16603.5,3,123.0
COR_12_25_Hos,0,40853.0,3,127.0
COR_12_25_Hos,0,43953.0,2,133.0
COR_12_25_Hos,0,2768.5,1,155.0
COR_12_25_Hos,0,4720.0,2,158.0
COR_12_25_Hos,0,6715.5,3,163.0
COR_12_25_Hos,0,6093.5,3,167.0
COR_12_25_Hos,0,8331.5,4,169.0
COR_12_25_Hos,0,6941.5,5,174.0
COR_12_25_Hos,0,4177.0,4,179.0
COR_12_25_Hos,0,3742.0,2,192.0
COR_12_25_Hos,1,32245.0,2,214.0
COR_12_25_Hos,0,2519.5,1,224.0
COR_12_25_Hos,0,5527.0,2,240.0
COR_12_25_Hos,0,3616.0,2,265.0
COR_12_25_Hos,0,5640.5,3,267.0
COR_12_25_Hos,0,8512.5,3,269.0
COR_12_25_Hos,0,15804.0,5,271.0
COR_12_25_Hos,0,25899.0,4,272.0
COR_12_25_Hos,0,85362.5,3,276.0
COR_12_25_Hos,0,85457.0,4,279.0
COR_12_25_Hos,0,73928.0,3,280.0
COR_12_25_Hos,0,2868.5,1,318.0
COR_12_25_Hos,0,1821.0,1,326.0
COR_12_25_Hos,0,30777.0,2,344.0
COR_12_25_Hos,0,16531.0,2,352.0
COR_12_25_Hos,0,24009.0,2,356.0
COR_12_25_Hos,0,19338.5,2,395.0
COR_12_25_Hos,0,6960.0,1,422.0
COR_12_26_Hos,0,65696.5,2,43.0
COR_12_26_Hos,0,61523.0,3,47.0
COR_12_26_Hos,0,59134.5,4,49.0
COR_12_26_Hos,0,38754.0,4,51.0
COR_12_26_Hos,0,13240.0,6,55.0
COR_12_26_Hos,0,10159.5,4,62.0
COR_12_26_Hos,0,16795.5,3,65.0
COR_12_26_Hos,0,38513.5,3,69.0
COR_12_26_Hos,0,16134.5,3,83.0
COR_12_26_Hos,0,22730.0,3,88.0
COR_12_26_Hos,0,32216.5,3,92.0
COR_12_26_Hos,0,16562.5,1,105.0
COR_12_26_Hos,0,118672.5,1,119.0
COR_12_26_Hos,0,154907.0,2,121.0
COR_12_26_Hos,0,87704.5,2,127.0
COR_12_26_Hos,0,45799.5,3,133.0
COR_12_26_Hos,0,4166.0,1,164.0
COR_12_26_Hos,0,3819.0,3,173.0
COR_12_26_Hos,0,6526.5,3,174.0
COR_12_26_Hos,0,7186.5,3,179.0
COR_12_26_Hos,0,3993.0,1,192.0
COR_12_26_Hos,0,5585.0,1,203.0
COR_12_26_Hos,0,19965.0,2,214.0
COR_12_26_Hos,0,4240.5,2,224.0
COR_12_26_Hos,0,2986.0,1,240.0
COR_12_26_Hos,0,2983.0,1,257.0
COR_12_26_Hos,0,9566.5,2,261.0
COR_12_26_Hos,0,46737.5,2,265.0
COR_12_26_Hos,0,41822.0,2,269.0
COR_12_26_Hos,0,10684.5,4,272.0
COR_12_26_Hos,0,38466.0,2,276.0
COR_12_26_Hos,0,40599.0,4,278.0
COR_12_26_Hos,0,36655.5,3,280.0
COR_12_26_Hos,0,13220.0,1,352.0
COR_12_26_Hos,0,5274.5,1,394.0
COR_12_27_Hos,0,65412.5,2,43.0
COR_12_27_Hos,0,61266.5,3,47.0
COR_12_27_Hos,0,59599.0,4,49.0
COR_12_27_Hos,0,40116.0,4,51.0
COR_12_27_Hos,0,14232.0,6,55.0
COR_12_27_Hos,0,13620.5,5,57.0
COR_12_27_Hos,0,10387.5,4,62.0
COR_12_27_Hos,0,13663.5,4,65.0
COR_12_27_Hos,0,29723.5,4,69.0
COR_12_27_Hos,0,13465.5,4,83.0
COR_12_27_Hos,0,26286.5,3,88.0
COR_12_27_Hos,0,41227.5,3,92.0
COR_12_27_Hos,0,10963.5,3,105.0
COR_12_27_Hos,0,136390.5,2,116.0
COR_12_27_Hos,0,141793.0,2,119.0
COR_12_27_Hos,0,140450.5,3,121.0
COR_12_27_Hos,0,119783.5,5,123.0
COR_12_27_Hos,0,41695.0,4,127.0
COR_12_27_Hos,0,38414.0,2,133.0
COR_12_27_Hos,0,2640.5,1,155.0
COR_12_27_Hos,0,4336.5,1,164.0
COR_12_27_Hos,0,4744.0,5,173.0
COR_12_27_Hos,0,6447.0,3,174.0
COR_12_27_Hos,0,8859.5,3,178.0
COR_12_27_Hos,0,2476.0,1,192.0
COR_12_27_Hos,0,8476.5,1,203.0
COR_12_27_Hos,1,35297.5,1,214.0
COR_12_27_Hos,0,35816.0,2,219.0
COR_12_27_Hos,0,5254.0,2,224.0
COR_12_27_Hos,1,4495.0,1,239.0
COR_12_27_Hos,0,5806.0,2,245.0
COR_12_27_Hos,0,4619.0,2,249.0
COR_12_27_Hos,0,11872.0,3,253.0
COR_12_27_Hos,0,65047.5,2,257.0
COR_12_27_Hos,0,3710.5,3,270.0
COR_12_27_Hos,0,4521.0,3,272.0
COR_12_27_Hos,0,9340.5,4,276.0
COR_12_27_Hos,0,16558.0,3,280.0
COR_12_27_Hos,0,12098.0,2,285.0
COR_12_27_Hos,0,25503.5,1,354.0
COR_12_27_Hos,0,13248.0,1,394.0
COR_12_27_Hos,0,8141.0,2,423.0
COR_12_27_Hos,0,2869.0,1,464.0
COR_12_28_Hos,0,24270.5,3,44.0
COR_12_28_Hos,0,25513.5,2,47.0
COR_12_28_Hos,0,17459.5,3,52.0
COR_12_28_Hos,0,15406.0,4,54.0
COR_12_28_Hos,0,15249.0,3,57.0
COR_12_28_Hos,0,3876.5,1,70.0
COR_12_28_Hos,0,12095.0,1,84.0
COR_12_28_Hos,0,12670.0,2,93.0
COR_12_28_Hos,0,6921.5,3,119.0
COR_12_28_Hos,0,8474.5,4,121.0
COR_12_28_Hos,0,12163.5,4,123.0
COR_12_28_Hos,0,17951.5,4,127.0
COR_12_28_Hos,0,15845.5,3,130.0
COR_12_28_Hos,0,3221.5,1,164.0
COR_12_28_Hos,0,6545.0,1,214.0
COR_12_28_Hos,0,4470.5,2,268.0
COR_12_28_Hos,0,3018.5,1,280.0
COR_12_28_Hos,0,1313.0,1,345.0
COR_12_28_Hos,0,7630.5,1,353.0
COR_12_28_Hos,0,1311.0,1,369.0
COR_12_28_Hos,0,3150.0,2,373.0
COR_12_29_Hos,0,83461.0,2,43.0
COR_12_29_Hos,0,80294.5,3,47.0
COR_12_29_Hos,0,77641.0,4,49.0
COR_12_29_Hos,0,51111.0,4,51.0
COR_12_29_Hos,0,12739.0,6,55.0
COR_12_29_Hos,0,12355.0,4,57.0
COR_12_29_Hos,0,20985.0,3,65.0
COR_12_29_Hos,0,54469.5,3,69.0
COR_12_29_Hos,0,40224.5,2,76.0
COR_12_29_Hos,0,32616.0,5,83.0
COR_12_29_Hos,0,42425.0,3,88.0
COR_12_29_Hos,0,62063.0,3,92.0
COR_12_29_Hos,0,18560.0,2,105.0
COR_12_29_Hos,0,17349.0,1,119.0
COR_12_29_Hos,0,21346.0,3,121.0
COR_12_29_Hos,0,23020.5,3,123.0
COR_12_29_Hos,0,48927.0,3,127.0
COR_12_29_Hos,0,65568.0,3,133.0
COR_12_29_Hos,0,28366.5,3,138.0
COR_12_29_Hos,0,5036.5,1,151.0
COR_12_29_Hos,0,6254.0,2,155.0
COR_12_29_Hos,0,5388.0,2,164.0
COR_12_29_Hos,0,6431.5,3,167.0
COR_12_29_Hos,0,7867.5,3,169.0
COR_12_29_Hos,0,3542.0,1,178.0
COR_12_29_Hos,0,4591.0,2,192.0
COR_12_29_Hos,0,9129.5,1,203.0
COR_12_29_Hos,0,10956.5,4,209.0
COR_12_29_Hos,0,50639.0,3,214.0
COR_12_29_Hos,0,9602.5,2,224.0
COR_12_29_Hos,0,3068.5,2,232.0
COR_12_29_Hos,0,6525.0,4,239.0
COR_12_29_Hos,0,3689.0,2,255.0
COR_12_29_Hos,0,4807.5,2,266.0
COR_12_29_Hos,0,6470.0,4,271.0
COR_12_29_Hos,0,6566.0,4,272.0
COR_12_29_Hos,0,23810.0,4,278.0
COR_12_29_Hos,0,28873.0,4,280.0
COR_12_29_Hos,0,50621.5,3,284.0
COR_12_29_Hos,0,29320.0,2,288.0
COR_12_29_Hos,0,5073.5,3,325.0
COR_12_29_Hos,0,12037.0,2,329.0
COR_12_29_Hos,0,28157.5,2,333.0
COR_12_29_Hos,0,3252.0,3,341.0
COR_12_29_Hos,0,3285.5,3,348.0
COR_12_29_Hos,0,19417.5,2,351.0
COR_12_29_Hos,0,10052.5,1,423.0
COR_12_29_Hos,0,2680.5,1,464.0
COR_12_30_Hos,0,69218.5,3,43.0
COR_12_30_Hos,0,67428.0,3,47.0
COR_12_30_Hos,0,63230.5,4,49.0
COR_12_30_Hos,0,40601.5,4,51.0
COR_12_30_Hos,0,16425.0,6,55.0
COR_12_30_Hos,0,13046.5,4,62.0
COR_12_30_Hos,0,16923.5,3,65.0
COR_12_30_Hos,0,36255.5,3,69.0
COR_12_30_Hos,0,20846.5,3,83.0
COR_12_30_Hos,0,31205.0,2,89.0
COR_12_30_Hos,0,33340.0,3,92.0
COR_12_30_Hos,0,16055.5,2,105.0
COR_12_30_Hos,0,170937.0,2,116.0
COR_12_30_Hos,0,223035.0,2,119.0
COR_12_30_Hos,0,36930.0,2,127.0
COR_12_30_Hos,0,40672.0,2,133.0
COR_12_30_Hos,0,2666.0,1,155.0
COR_12_30_Hos,0,5668.5,1,164.0
COR_12_30_Hos,0,8072.5,4,169.0
COR_12_30_Hos,0,10900.5,4,171.0
COR_12_30_Hos,0,11404.5,5,172.0
COR_12_30_Hos,0,7708.0,2,178.0
COR_12_30_Hos,0,5046.0,1,192.0
COR_12_30_Hos,1,34486.0,2,213.0
COR_12_30_Hos,0,6982.0,2,224.0
COR_12_30_Hos,0,3604.0,3,237.0
COR_12_30_Hos,0,4158.5,2,245.0
COR_12_30_Hos,0,5827.0,2,265.0
COR_12_30_Hos,0,19391.0,3,268.0
COR_12_30_Hos,0,80553.5,2,272.0
COR_12_30_Hos,0,71685.5,3,276.0
COR_12_30_Hos,0,13917.0,5,280.0
COR_12_30_Hos,0,2505.0,1,344.0
COR_12_30_Hos,0,18517.0,1,352.0
COR_12_30_Hos,0,22254.5,1,422.0
COR_12_31_Hos,0,80009.5,2,44.0
COR_12_31_Hos,0,76898.5,3,47.0
COR_12_31_Hos,0,73803.5,4,49.0
COR_12_31_Hos,0,54992.0,4,51.0
COR_12_31_Hos,0,12540.5,6,55.0
COR_12_31_Hos,0,12845.5,4,57.0
COR_12_31_Hos,0,15286.5,4,65.0
COR_12_31_Hos,0,46149.0,2,70.0
COR_12_31_Hos,0,31775.0,2,84.0
COR_12_31_Hos,0,39354.0,2,89.0
COR_12_31_Hos,0,43330.5,3,93.0
COR_12_31_Hos,0,4895.5,3,102.0
COR_12_31_Hos,0,8121.0,3,105.0
COR_12_31_Hos,0,9777.0,1,119.0
COR_12_31_Hos,0,17910.5,2,123.0
COR_12_31_Hos,0,63791.5,2,127.0
COR_12_31_Hos,0,57457.5,2,133.0
COR_12_31_Hos,0,4382.0,2,156.0
COR_12_31_Hos,0,10898.0,2,159.0
COR_12_31_Hos,0,11795.0,2,164.0
COR_12_31_Hos,0,2325.0,2,192.0
COR_12_31_Hos,0,36745.5,1,214.0
COR_12_31_Hos,0,9932.0,3,224.0
COR_12_31_Hos,0,2814.0,1,239.0
COR_12_31_Hos,0,4480.0,3,255.0
COR_12_31_Hos,0,4798.5,3,257.0
COR_12_31_Hos,0,10961.0,2,272.0
COR_12_31_Hos,0,80350.5,2,276.0
COR_12_31_Hos,0,81316.0,4,278.0
COR_12_31_Hos,0,77111.0,3,280.0
COR_12_31_Hos,0,2843.5,2,297.0
COR_12_31_Hos,0,6158.0,1,342.0
COR_12_31_Hos,0,20170.0,1,353.0
COR_12_31_Hos,0,3910.0,3,369.0
COR_12_31_Hos,0,18279.5,3,371.0
COR_12_31_Hos,0,28864.0,2,377.0
COR_12_31_Hos,0,27472.0,2,381.0
COR_12_31_Hos,0,19114.0,2,385.0
COR_12_31_Hos,0,6998.0,2,423.0
COR_12_31_Hos,0,1874.5,1,464.0
COR_12_33_Hos,0,84526.0,2,44.0
COR_12_33_Hos,0,81798.0,4,47.0
COR_12_33_Hos,0,73907.0,2,54.0
COR_12_33_Hos,0,18687.0,4,66.0
COR_12_33_Hos,0,47694.5,2,70.0
COR_12_33_Hos,0,38168.5,3,75.0
COR_12_33_Hos,0,28958.0,3,77.0
COR_12_33_Hos,0,13794.0,2,84.0
COR_12_33_Hos,0,17163.5,2,89.0
COR_12_33_Hos,0,25152.5,3,93.0
COR_12_33_Hos,0,22321.0,3,97.0
COR_12_33_Hos,0,5569.0,1,105.0
COR_12_33_Hos,0,76714.0,2,119.0
COR_12_33_Hos,0,76800.0,4,123.0
COR_12_33_Hos,0,38465.0,3,127.0
COR_12_33_Hos,0,38943.0,2,134.0
COR_12_33_Hos,0,3050.5,1,163.0
COR_12_33_Hos,0,7620.5,2,170.0
COR_12_33_Hos,1,14484.5,1,214.0
COR_12_33_Hos,0,1921.0,1,232.0
COR_12_33_Hos,0,16484.5,2,236.0
COR_12_33_Hos,0,5643.0,2,272.0
COR_12_33_Hos,0,10761.0,2,276.0
COR_12_33_Hos,0,17038.5,2,280.0
COR_12_33_Hos,0,1973.5,1,296.0
COR_12_33_Hos,0,8668.5,2,300.0
COR_12_34_Hos,0,18917.5,3,44.0
COR_12_34_Hos,0,20049.0,3,47.0
COR_12_34_Hos,0,5855.0,3,57.0
COR_12_34_Hos,0,5984.0,2,70.0
COR_12_34_Hos,0,4636.5,2,85.0
COR_12_34_Hos,0,3552.0,3,112.0
COR_12_34_Hos,0,13871.5,4,119.0
COR_12_34_Hos,0,27979.0,3,121.0
COR_12_34_Hos,0,27524.5,4,123.0
COR_12_34_Hos,0,26995.5,3,127.0
COR_12_34_Hos,0,1307.0,1,156.0
COR_12_34_Hos,0,3207.0,2,164.0
COR_12_34_Hos,0,2384.0,2,174.0
COR_12_34_Hos,0,5480.5,1,214.0
COR_12_34_Hos,0,3747.0,3,269.0
COR_12_34_Hos,0,13777.0,2,272.0
COR_12_34_Hos,0,14606.0,3,276.0
COR_12_34_Hos,0,15850.5,4,278.0
COR_12_34_Hos,0,7442.0,3,280.0
COR_12_34_Hos,0,1581.0,1,308.0
COR_12_34_Hos,0,5887.0,2,312.0
COR_12_34_Hos,0,2536.5,2,351.0
COR_12_35_Hos,0,40924.5,2,43.0
COR_12_35_Hos,0,41176.5,3,47.0
COR_12_35_Hos,0,40248.5,4,49.0
COR_12_35_Hos,0,30842.0,4,51.0
COR_12_35_Hos,0,16033.5,5,55.0
COR_12_35_Hos,0,15970.0,5,57.0
COR_12_35_Hos,0,12159.5,3,62.0
COR_12_35_Hos,0,12486.5,3,65.0
COR_12_35_Hos,0,33789.0,3,69.0
COR_12_35_Hos,0,17762.5,3,83.0
COR_12_35_Hos,0,34595.0,3,90.0
COR_12_35_Hos,0,42330.0,3,92.0
COR_12_35_Hos,0,10476.0,2,105.0
COR_12_35_Hos,0,124615.0,1,116.0
COR_12_35_Hos,0,213000.0,3,121.0
COR_12_35_Hos,0,133596.0,2,127.0
COR_12_35_Hos,0,56280.0,3,134.0
COR_12_35_Hos,0,10744.5,4,138.0
COR_12_35_Hos,0,4585.0,1,155.0
COR_12_35_Hos,0,5736.0,2,164.0
COR_12_35_Hos,0,7504.0,3,169.0
COR_12_35_Hos,0,8746.0,4,171.0
COR_12_35_Hos,0,9999.0,4,172.0
COR_12_35_Hos,0,7879.5,2,192.0
COR_12_35_Hos,0,38606.0,2,214.0
COR_12_35_Hos,0,8789.5,2,224.0
COR_12_35_Hos,0,4379.0,2,238.0
COR_12_35_Hos,0,5206.5,2,254.0
COR_12_35_Hos,0,6354.0,3,257.0
COR_12_35_Hos,0,6322.0,2,268.0
COR_12_35_Hos,0,19230.0,4,272.0
COR_12_35_Hos,0,118851.0,2,276.0
COR_12_35_Hos,0,118386.5,2,280.0
COR_12_35_Hos,0,3956.0,1,342.0
COR_12_35_Hos,0,17845.5,1,354.0
COR_12_35_Hos,0,22660.5,2,356.0
COR_12_35_Hos,0,20917.0,1,422.0
COR_12_36_Hos,0,73434.5,2,43.0
COR_12_36_Hos,0,69381.0,3,47.0
COR_12_36_Hos,0,66507.0,4,49.0
COR_12_36_Hos,0,41853.5,4,51.0
COR_12_36_Hos,0,12173.5,6,55.0
COR_12_36_Hos,0,11742.5,4,57.0
COR_12_36_Hos,0,16531.0,3,65.0
COR_12_36_Hos,0,27703.5,3,69.0
COR_12_36_Hos,0,17533.0,2,76.0
COR_12_36_Hos,0,30906.0,3,83.0
COR_12_36_Hos,0,37578.5,3,88.0
COR_12_36_Hos,0,40423.5,4,92.0
COR_12_36_Hos,0,5872.0,1,105.0
COR_12_36_Hos,0,116738.0,1,119.0
COR_12_36_Hos,0,118429.5,2,121.0
COR_12_36_Hos,0,52888.0,3,127.0
COR_12_36_Hos,0,61770.0,2,133.0
COR_12_36_Hos,0,3132.0,1,155.0
COR_12_36_Hos,0,4777.0,1,164.0
COR_12_36_Hos,0,4178.5,1,179.0
COR_12_36_Hos,0,6761.0,3,182.0
COR_12_36_Hos,0,8753.5,3,184.0
COR_12_36_Hos,0,5440.0,2,192.0
COR_12_36_Hos,1,25975.5,2,213.0
COR_12_36_Hos,0,6595.5,1,224.0
COR_12_36_Hos,0,2914.5,1,240.0
COR_12_36_Hos,0,5458.5,5,271.0
COR_12_36_Hos,0,5982.5,4,272.0
COR_12_36_Hos,0,12778.5,4,276.0
COR_12_36_Hos,0,21963.0,3,280.0
COR_12_36_Hos,0,17266.5,3,284.0
COR_12_36_Hos,0,8388.5,2,288.0
COR_12_36_Hos,0,24322.5,2,292.0
COR_12_36_Hos,0,2742.5,2,318.0
COR_12_36_Hos,0,2153.0,2,329.0
COR_12_36_Hos,0,3634.0,2,333.0
COR_12_36_Hos,0,9155.5,2,337.0
COR_12_36_Hos,0,20297.0,3,341.0
COR_12_36_Hos,0,40502.5,3,344.0
COR_12_36_Hos,0,13943.0,3,351.0
COR_12_36_Hos,0,19749.5,2,354.0
COR_12_36_Hos,0,11401.0,2,371.0
COR_12_36_Hos,0,10305.5,1,395.0
COR_12_37_Hos,0,75636.0,2,43.0
COR_12_37_Hos,0,73778.0,3,47.0
COR_12_37_Hos,0,71140.5,4,49.0
COR_12_37_Hos,0,44017.0,4,51.0
COR_12_37_Hos,0,16472.0,5,55.0
COR_12_37_Hos,0,13123.5,5,62.0
COR_12_37_Hos,0,35565.0,4,65.0
COR_12_37_Hos,0,65612.0,3,69.0
COR_12_37_Hos,0,37207.0,3,76.0
COR_12_37_Hos,0,22217.0,4,83.0
COR_12_37_Hos,0,31001.5,3,88.0
COR_12_37_Hos,0,59379.5,3,92.0
COR_12_37_Hos,0,14203.5,3,105.0
COR_12_37_Hos,0,120806.0,1,119.0
COR_12_37_Hos,0,125536.5,3,121.0
COR_12_37_Hos,0,124550.0,3,123.0
COR_12_37_Hos,0,64085.0,3,127.0
COR_12_37_Hos,0,71064.0,2,133.0
COR_12_37_Hos,0,9693.0,2,165.0
COR_12_37_Hos,0,3281.5,1,178.0
COR_12_37_Hos,0,4912.0,2,192.0
COR_12_37_Hos,1,39168.0,1,213.0
COR_12_37_Hos,0,10240.5,1,224.0
COR_12_37_Hos,0,10518.5,2,228.0
COR_12_37_Hos,0,5704.5,2,238.0
COR_12_37_Hos,0,2522.5,2,257.0
COR_12_37_Hos,0,8155.0,4,271.0
COR_12_37_Hos,0,10438.5,3,272.0
COR_12_37_Hos,0,27941.5,4,276.0
COR_12_37_Hos,0,74710.5,3,280.0
COR_12_37_Hos,0,60502.0,2,284.0
COR_12_37_Hos,0,4213.0,1,342.0
COR_12_37_Hos,0,27099.0,1,353.0
COR_12_37_Hos,0,2062.5,1,365.0
COR_12_37_Hos,0,3745.5,3,369.0
COR_12_37_Hos,0,14045.0,3,371.0
COR_12_37_Hos,0,20412.0,1,422.0
COR_12_38_Hos,0,41096.0,2,44.0
COR_12_38_Hos,0,38043.0,2,47.0
COR_12_38_Hos,0,35691.0,4,49.0
COR_12_38_Hos,0,28570.0,4,51.0
COR_12_38_Hos,0,17224.5,5,53.0
COR_12_38_Hos,0,13084.0,4,57.0
COR_12_38_Hos,0,6632.5,4,66.0
COR_12_38_Hos,0,18349.0,3,69.0
COR_12_38_Hos,0,32548.5,4,84.0
COR_12_38_Hos,0,46905.0,5,90.0
COR_12_38_Hos,0,28645.0,4,93.0
COR_12_38_Hos,0,6892.5,2,105.0
COR_12_38_Hos,0,9072.5,2,116.0
COR_12_38_Hos,0,11078.0,4,120.0
COR_12_38_Hos,0,12163.5,5,127.0
COR_12_38_Hos,0,23389.0,2,133.0
COR_12_38_Hos,0,5337.0,1,165.0
COR_12_38_Hos,0,4961.5,1,192.0
COR_12_38_Hos,0,3305.5,2,209.0
COR_12_38_Hos,0,49634.5,2,214.0
COR_12_38_Hos,0,4903.0,2,224.0
COR_12_38_Hos,0,4520.5,2,239.0
COR_12_38_Hos,0,4077.0,2,255.0
COR_12_38_Hos,0,4990.5,2,265.0
COR_12_38_Hos,0,15574.5,3,268.0
COR_12_38_Hos,0,64720.5,2,272.0
COR_12_38_Hos,0,58448.0,3,276.0
COR_12_38_Hos,0,55379.5,4,279.0
COR_12_38_Hos,0,3042.0,1,295.0
COR_12_38_Hos,0,4392.5,4,301.0
COR_12_38_Hos,0,5152.5,3,304.0
COR_12_38_Hos,0,13063.0,3,308.0
COR_12_38_Hos,0,33854.5,2,312.0
COR_12_38_Hos,0,31136.0,3,317.0
COR_12_38_Hos,0,18482.0,1,349.0
COR_12_38_Hos,0,32228.5,2,351.0
COR_12_38_Hos,0,39413.0,3,353.0
COR_12_38_Hos,0,2549.0,1,370.0
COR_12_38_Hos,0,18516.5,2,394.0
COR_12_38_Hos,0,40167.0,1,422.0
COR_12_38_Hos,0,3096.5,2,464.0
COR_12_39_Hos,0,76776.0,2,43.0
COR_12_39_Hos,0,69845.0,2,47.0
COR_12_39_Hos,0,66010.0,4,49.0
COR_12_39_Hos,0,42577.5,4,51.0
COR_12_39_Hos,0,13639.5,6,55.0
COR_12_39_Hos,0,13607.5,5,57.0
COR_12_39_Hos,0,10739.0,4,65.0
COR_12_39_Hos,0,36201.0,3,69.0
COR_12_39_Hos,0,34573.5,3,73.0
COR_12_39_Hos,0,15941.0,3,83.0
COR_12_39_Hos,0,20750.5,4,86.0
COR_12_39_Hos,0,34637.5,3,92.0
COR_12_39_Hos,0,8554.0,1,105.0
COR_12_39_Hos,0,104826.5,1,117.0
COR_12_39_Hos,0,111740.5,2,119.0
COR_12_39_Hos,0,111066.0,4,121.0
COR_12_39_Hos,0,96785.5,4,123.0
COR_12_39_Hos,0,60715.0,3,127.0
COR_12_39_Hos,0,71498.5,2,133.0
COR_12_39_Hos,0,3737.5,1,159.0
COR_12_39_Hos,0,6396.0,2,164.0
COR_12_39_Hos,0,3962.5,2,178.0
COR_12_39_Hos,0,4947.0,1,203.0
COR_12_39_Hos,1,36294.0,3,214.0
COR_12_39_Hos,0,2939.0,1,224.0
COR_12_39_Hos,0,4444.5,3,238.0
COR_12_39_Hos,0,8839.0,4,245.0
COR_12_39_Hos,0,51819.5,2,249.0
COR_12_39_Hos,0,4203.0,3,271.0
COR_12_39_Hos,0,6117.0,3,272.0
COR_12_39_Hos,0,12698.5,4,276.0
COR_12_39_Hos,0,23508.0,4,280.0
COR_12_39_Hos,0,34709.5,3,284.0
COR_12_39_Hos,0,2287.0,2,369.0
COR_12_39_Hos,0,2865.0,2,373.0
COR_12_39_Hos,0,3113.5,1,394.0
COR_12_40_Hos,0,91020.5,2,44.0
COR_12_40_Hos,0,87162.0,3,47.0
COR_12_40_Hos,0,27657.0,4,54.0
COR_12_40_Hos,0,25977.5,4,57.0
COR_12_40_Hos,0,22462.0,3,66.0
COR_12_40_Hos,0,43800.5,3,69.0
COR_12_40_Hos,0,19359.0,2,83.0
COR_12_40_Hos,0,28527.0,3,88.0
COR_12_40_Hos,0,40122.0,2,93.0
COR_12_40_Hos,0,8653.0,2,105.0
COR_12_40_Hos,0,129551.5,2,119.0
COR_12_40_Hos,0,130888.5,3,123.0
COR_12_40_Hos,0,57136.0,3,127.0
COR_12_40_Hos,0,62035.5,2,133.0
COR_12_40_Hos,0,3090.5,1,159.0
COR_12_40_Hos,0,7590.5,2,164.0
COR_12_40_Hos,0,5174.5,5,173.0
COR_12_40_Hos,0,3397.5,2,192.0
COR_12_40_Hos,0,31704.0,1,214.0
COR_12_40_Hos,0,5840.0,2,224.0
COR_12_40_Hos,0,6540.0,2,228.0
COR_12_40_Hos,0,4018.0,2,232.0
COR_12_40_Hos,0,3130.0,1,241.0
COR_12_40_Hos,0,4203.0,4,267.0
COR_12_40_Hos,0,4587.0,4,268.0
COR_12_40_Hos,0,10279.5,5,272.0
COR_12_40_Hos,0,55871.5,3,276.0
COR_12_40_Hos,0,62948.0,2,280.0
COR_12_40_Hos,0,2055.0,1,300.0
COR_12_40_Hos,0,22188.5,1,344.0
COR_12_40_Hos,0,13287.0,3,352.0
COR_12_40_Hos,0,18733.0,2,356.0
COR_12_40_Hos,0,2209.5,2,373.0
COR_12_40_Hos,0,5574.5,1,423.0
COR_12_41_Hos,1,42664.5,3,214.0
COR_12_43_Hos,1,36772.5,3,213.0
COR_12_44_Hos,1,27793.0,1,214.0
COR_12_46_Hos,1,53068.0,5,214.0
COR_12_48_Hos,1,35926.0,3,213.0
COR_12_49_Hos,1,4257.0,1,224.0
COR_12_51_Hos,1,5787.0,3,209.0
GUI_12_2,1,15416.5,1,212.0
GUI_12_5,1,69066.0,2,213.0
GUI_12_10_Hos,1,59421.0,4,212.0
GUI_12_11_Hos,1,11296.0,1,214.0
GUI_12_14_Hos,1,15464.0,1,214.0
GUI_12_15_Hos,1,9429.0,2,214.0
GUI_12_17_Hos,1,24661.0,2,224.0
GUI_12_22_Hos,1,8363.5,3,224.0
GUI_12_23_Hos,1,4128.0,1,214.0
GUI_12_25_Hos,1,34477.0,1,214.0
GUI_12_26_Hos,1,29661.0,1,214.0
GUI_12_28_Hos,1,22324.5,1,214.0
GUI_12_30_Hos,1,12411.0,2,214.0
GUI_12_31_Hos,1,35150.5,1,214.0
GUI_12_33_Hos,1,28107.0,1,214.0
GUI_12_35_Hos,1,31300.5,1,214.0
GUI_12_37_Hos,1,3566.5,1,224.0
GUI_12_39_Hos,1,38927.0,1,213.0
GUI_12_42_Hos,1,36152.0,1,214.0
GUI_12_45_Hos,1,8622.5,1,214.0
GUI_12_46_Hos,1,20066.5,1,214.0
GUI_12_48_Hos,1,20734.0,1,214.0
GUI_12_51_Hos,1,6044.5,1,213.0
STA_12_2,1,25585.5,2,214.0
STA_12_3,1,9997.5,1,214.0
STA_12_7,1,2575.0,1,214.0
STA_12_10,1,9339.5,1,213.0
STA_12_11,1,1100.5,1,213.0
STA_12_17,1,6690.0,1,213.0
STA_12_18,1,6309.5,1,213.0
STA_12_22,1,5813.0,1,214.0
STA_12_23,1,3811.5,1,213.0
STA_12_25,1,2895.0,1,213.0
STA_12_28,1,7462.0,1,213.0
STA_12_29,1,3557.5,1,213.0
STA_12_30,1,2797.0,1,213.0
STA_12_33,1,2765.5,1,213.0
STA_12_38,1,1007.5,1,213.0
STA_12_40,1,9915.0,1,214.0
STA_12_41,1,4096.0,1,213.0
STA_12_42,1,14482.0,1,213.0
STA_12_44,1,2705.5,1,213.0
STA_12_45,1,2839.5,2,213.0
STA_12_46,1,7887.5,3,223.0
STA_12_49,1,8515.0,1,213.0
STA_12_51,1,1418.5,1,213.0
STA_12_52,1,3003.5,1,213.0
MAS_12_1_Hos,1,34086.5,1,214.0
MAS_12_1_Hos,1,7181.0,1,224.0
MAS_12_4_Hos,1,6048.0,1,214.0
MAS_12_5_Hos,1,3043.5,1,203.0
MAS_12_6_Hos,1,2994.0,1,214.0
MAS_12_7_Hos,1,3055.0,1,213.0
MAS_12_9_Hos,1,3917.5,3,213.0
MAS_12_9_Hos,1,6679.0,3,226.0
MAS_12_10_Hos,1,14760.5,1,214.0
MAS_12_11_Hos,1,9099.5,3,224.0
MAS_12_15_Hos,1,6851.5,1,214.0
MAS_12_18_Hos,1,5697.5,1,214.0
MAS_12_20_Hos,1,11819.5,1,214.0
TWI_12_1_Hos,1,14548.0,2,203.0
TWI_12_1_Hos,1,47947.0,3,214.0
TWI_12_2_Hos,1,39765.0,3,214.0
TWI_12_3_Hos,1,32804.5,2,214.0
TWI_12_4_Hos,1,37884.0,2,214.0
TWI_12_5_Hos,1,24972.5,3,214.0
TWI_12_7_Hos,1,3357.5,2,236.0
TWI_12_13_Hos,1,44727.0,2,214.0
TWI_12_14_Hos,1,46707.5,2,214.0
TWI_12_20_Hos,1,8427.5,2,224.0
TWI_12_21_Hos,1,27117.0,2,214.0
TWI_12_23_Hos,1,25022.5,1,214.0
TWI_12_25_Hos,1,30679.5,3,214.0
TWI_12_28_Hos,1,16289.5,2,224.0
TWI_12_29_Hos,1,47664.0,3,214.0
TWI_12_30_Hos,1,43427.5,4,214.0
TWI_12_31_Hos,1,64952.5,4,214.0
TWI_12_32_Hos,1,9144.5,1,203.0
TWI_12_36_Hos,1,15404.5,5,192.0
TWI_12_38_Hos,1,9153.5,1,203.0
TWI_12_45_Hos,1,52507.0,2,214.0
TWI_12_47_Hos,1,17666.5,1,214.0
BOH_12_1,1,1742.0,1,214.0
BOH_12_5,1,8417.5,1,214.0
BOH_12_6,1,3587.0,1,214.0
BOH_12_7,1,1938.5,1,213.0
BOH_12_10,1,1564.0,1,214.0
BOH_12_11,1,2606.5,1,214.0
BOH_12_13,1,1531.5,1,213.0
BOH_12_15,1,2252.0,1,213.0
BOH_12_16,1,2128.5,1,213.0
GEN_12_2_Hos,1,930.0,1,214.0
GEN_12_17_Hos,1,1441.0,1,214.0
GEN_12_32_Hos,1,1047.0,1,214.0
GEN_12_36_Hos,1,2332.0,1,213.0
GEN_12_39_Hos,1,1319.0,1,213.0
SOR_12_3_Hos,1,1028.5,1,214.0
SOR_12_4_Hos,1,927.5,1,214.0
SOR_12_14_Hos,1,1904.5,1,214.0
SOR_12_19_Hos,1,978.0,1,214.0
SOR_12_27_Hos,1,776.5,1,214.0
SOR_12_32_Hos,1,1158.0,1,214.0
SOR_12_34_Hos,1,10059.5,1,214.0
ILO_12_45_Hos,1,6713.5,2,220.0
ILO_12_55_Hos,1,3132.5,3,228.0
CEB_12_13_Hos,1,2266.5,2,218.0
ROM_12_9_Hos,1,3228.5,1,213.0
ELN_12_9_Hos,1,3318.0,1,241.0
